<metadata xml:lang="es"><Esri><CreaDate>20171215</CreaDate><CreaTime>15535600</CreaTime><ArcGISFormat>1.0</ArcGISFormat><SyncOnce>FALSE</SyncOnce><DataProperties><lineage><Process ToolSource="c:\arcgis\desktop10.3\ArcToolbox\Toolboxes\Data Management Tools.tbx\CalculateField" Date="20170608" Time="151523">CalculateField CUNDINAMARCA_FINAL_2001 UCS [SIM_ANTI] VB #</Process><Process ToolSource="c:\arcgis\desktop10.3\ArcToolbox\Toolboxes\Data Management Tools.tbx\CalculateField" Date="20170608" Time="153447">CalculateField CUNDINAMARCA_FINAL_2001 UCS_F "ZU" VB #</Process><Process ToolSource="c:\arcgis\desktop10.3\ArcToolbox\Toolboxes\Data Management Tools.tbx\CalculateField" Date="20170608" Time="153511">CalculateField CUNDINAMARCA_FINAL_2001 PAISAJE "Zona urbana" VB #</Process><Process ToolSource="c:\arcgis\desktop10.3\ArcToolbox\Toolboxes\Data Management Tools.tbx\CalculateField" Date="20170608" Time="153519">CalculateField CUNDINAMARCA_FINAL_2001 CLIMA "Zona urbana" VB #</Process><Process ToolSource="c:\arcgis\desktop10.3\ArcToolbox\Toolboxes\Data Management Tools.tbx\CalculateField" Date="20170608" Time="153525">CalculateField CUNDINAMARCA_FINAL_2001 TIPO_RELIEVE "Zona urbana" VB #</Process><Process ToolSource="c:\arcgis\desktop10.3\ArcToolbox\Toolboxes\Data Management Tools.tbx\CalculateField" Date="20170608" Time="153530">CalculateField CUNDINAMARCA_FINAL_2001 LITOLOGÍA_SEDIMENTOS "Zona urbana" VB #</Process><Process ToolSource="c:\arcgis\desktop10.3\ArcToolbox\Toolboxes\Data Management Tools.tbx\CalculateField" Date="20170608" Time="153537">CalculateField CUNDINAMARCA_FINAL_2001 CARACTERÍSTICAS_RELIEVE "Zona urbana" VB #</Process><Process ToolSource="c:\arcgis\desktop10.3\ArcToolbox\Toolboxes\Data Management Tools.tbx\CalculateField" Date="20170608" Time="153545">CalculateField CUNDINAMARCA_FINAL_2001 CARACTERÍSTICAS_SUELOS "Zona urbana" VB #</Process><Process ToolSource="c:\arcgis\desktop10.3\ArcToolbox\Toolboxes\Data Management Tools.tbx\CalculateField" Date="20170608" Time="153605">CalculateField CUNDINAMARCA_FINAL_2001 COMPONENTES_TAXONÓMICOS "Zona urbana" VB #</Process><Process ToolSource="c:\arcgis\desktop10.3\ArcToolbox\Toolboxes\Data Management Tools.tbx\CalculateField" Date="20170608" Time="153611">CalculateField CUNDINAMARCA_FINAL_2001 PERFIL "Zona urbana" VB #</Process><Process ToolSource="c:\arcgis\desktop10.3\ArcToolbox\Toolboxes\Data Management Tools.tbx\CalculateField" Date="20170608" Time="153623">CalculateField CUNDINAMARCA_FINAL_2001 PORCENTAJE "Zona urbana" VB #</Process><Process ToolSource="c:\arcgis\desktop10.3\ArcToolbox\Toolboxes\Data Management Tools.tbx\CalculateField" Date="20170608" Time="154450">CalculateField CUNDINAMARCA_FINAL_2001 UCS "CA" VB #</Process><Process ToolSource="c:\arcgis\desktop10.3\ArcToolbox\Toolboxes\Data Management Tools.tbx\CalculateField" Date="20170608" Time="154455">CalculateField CUNDINAMARCA_FINAL_2001 UCS_F "CA" VB #</Process><Process ToolSource="c:\arcgis\desktop10.3\ArcToolbox\Toolboxes\Data Management Tools.tbx\CalculateField" Date="20170608" Time="154507">CalculateField CUNDINAMARCA_FINAL_2001 PAISAJE "Cuerpo de agua" VB #</Process><Process ToolSource="c:\arcgis\desktop10.3\ArcToolbox\Toolboxes\Data Management Tools.tbx\CalculateField" Date="20170608" Time="154510">CalculateField CUNDINAMARCA_FINAL_2001 CLIMA "Cuerpo de agua" VB #</Process><Process ToolSource="c:\arcgis\desktop10.3\ArcToolbox\Toolboxes\Data Management Tools.tbx\CalculateField" Date="20170608" Time="154514">CalculateField CUNDINAMARCA_FINAL_2001 TIPO_RELIEVE "Cuerpo de agua" VB #</Process><Process ToolSource="c:\arcgis\desktop10.3\ArcToolbox\Toolboxes\Data Management Tools.tbx\CalculateField" Date="20170608" Time="154528">CalculateField CUNDINAMARCA_FINAL_2001 LITOLOGÍA_SEDIMENTOS "Cuerpo de agua" VB #</Process><Process ToolSource="c:\arcgis\desktop10.3\ArcToolbox\Toolboxes\Data Management Tools.tbx\CalculateField" Date="20170608" Time="154546">CalculateField CUNDINAMARCA_FINAL_2001 CARACTERÍSTICAS_RELIEVE "Cuerpo de agua" VB #</Process><Process ToolSource="c:\arcgis\desktop10.3\ArcToolbox\Toolboxes\Data Management Tools.tbx\CalculateField" Date="20170608" Time="154554">CalculateField CUNDINAMARCA_FINAL_2001 CARACTERÍSTICAS_SUELOS "Cuerpo de agua" VB #</Process><Process ToolSource="c:\arcgis\desktop10.3\ArcToolbox\Toolboxes\Data Management Tools.tbx\CalculateField" Date="20170608" Time="154602">CalculateField CUNDINAMARCA_FINAL_2001 COMPONENTES_TAXONÓMICOS "Cuerpo de agua" VB #</Process><Process ToolSource="c:\arcgis\desktop10.3\ArcToolbox\Toolboxes\Data Management Tools.tbx\CalculateField" Date="20170608" Time="154607">CalculateField CUNDINAMARCA_FINAL_2001 PERFIL "Cuerpo de agua" VB #</Process><Process ToolSource="c:\arcgis\desktop10.3\ArcToolbox\Toolboxes\Data Management Tools.tbx\CalculateField" Date="20170608" Time="154612">CalculateField CUNDINAMARCA_FINAL_2001 PORCENTAJE "Cuerpo de agua" VB #</Process><Process ToolSource="c:\arcgis\desktop10.3\ArcToolbox\Toolboxes\Data Management Tools.tbx\CalculateField" Date="20170608" Time="154655">CalculateField CUNDINAMARCA_FINAL_2001 PORCENTAJE "Playones" VB #</Process><Process ToolSource="c:\arcgis\desktop10.3\ArcToolbox\Toolboxes\Data Management Tools.tbx\CalculateField" Date="20170608" Time="154659">CalculateField CUNDINAMARCA_FINAL_2001 PERFIL "Playones" VB #</Process><Process ToolSource="c:\arcgis\desktop10.3\ArcToolbox\Toolboxes\Data Management Tools.tbx\CalculateField" Date="20170608" Time="154706">CalculateField CUNDINAMARCA_FINAL_2001 CARACTERÍSTICAS_SUELOS "Playones" VB #</Process><Process ToolSource="c:\arcgis\desktop10.3\ArcToolbox\Toolboxes\Data Management Tools.tbx\CalculateField" Date="20170608" Time="154713">CalculateField CUNDINAMARCA_FINAL_2001 CARACTERÍSTICAS_RELIEVE "Playones" VB #</Process><Process ToolSource="c:\arcgis\desktop10.3\ArcToolbox\Toolboxes\Data Management Tools.tbx\CalculateField" Date="20170608" Time="154717">CalculateField CUNDINAMARCA_FINAL_2001 LITOLOGÍA_SEDIMENTOS "Playones" VB #</Process><Process ToolSource="c:\arcgis\desktop10.3\ArcToolbox\Toolboxes\Data Management Tools.tbx\CalculateField" Date="20170608" Time="154725">CalculateField CUNDINAMARCA_FINAL_2001 TIPO_RELIEVE "Playones" VB #</Process><Process ToolSource="c:\arcgis\desktop10.3\ArcToolbox\Toolboxes\Data Management Tools.tbx\CalculateField" Date="20170608" Time="154728">CalculateField CUNDINAMARCA_FINAL_2001 CLIMA "Playones" VB #</Process><Process ToolSource="c:\arcgis\desktop10.3\ArcToolbox\Toolboxes\Data Management Tools.tbx\CalculateField" Date="20170608" Time="154802">CalculateField CUNDINAMARCA_FINAL_2001 PAISAJE "Misceláneo Erosionado" VB #</Process><Process ToolSource="c:\arcgis\desktop10.3\ArcToolbox\Toolboxes\Data Management Tools.tbx\CalculateField" Date="20170608" Time="154808">CalculateField CUNDINAMARCA_FINAL_2001 CLIMA "Misceláneo Erosionado" VB #</Process><Process ToolSource="c:\arcgis\desktop10.3\ArcToolbox\Toolboxes\Data Management Tools.tbx\CalculateField" Date="20170608" Time="154817">CalculateField CUNDINAMARCA_FINAL_2001 TIPO_RELIEVE "Misceláneo Erosionado" VB #</Process><Process ToolSource="c:\arcgis\desktop10.3\ArcToolbox\Toolboxes\Data Management Tools.tbx\CalculateField" Date="20170608" Time="154821">CalculateField CUNDINAMARCA_FINAL_2001 LITOLOGÍA_SEDIMENTOS "Misceláneo Erosionado" VB #</Process><Process ToolSource="c:\arcgis\desktop10.3\ArcToolbox\Toolboxes\Data Management Tools.tbx\CalculateField" Date="20170608" Time="154826">CalculateField CUNDINAMARCA_FINAL_2001 CARACTERÍSTICAS_RELIEVE "Misceláneo Erosionado" VB #</Process><Process ToolSource="c:\arcgis\desktop10.3\ArcToolbox\Toolboxes\Data Management Tools.tbx\CalculateField" Date="20170608" Time="154835">CalculateField CUNDINAMARCA_FINAL_2001 CARACTERÍSTICAS_SUELOS "Misceláneo Erosionado" VB #</Process><Process ToolSource="c:\arcgis\desktop10.3\ArcToolbox\Toolboxes\Data Management Tools.tbx\CalculateField" Date="20170608" Time="154845">CalculateField CUNDINAMARCA_FINAL_2001 PERFIL "Misceláneo Erosionado" VB #</Process><Process ToolSource="c:\arcgis\desktop10.3\ArcToolbox\Toolboxes\Data Management Tools.tbx\CalculateField" Date="20170608" Time="154849">CalculateField CUNDINAMARCA_FINAL_2001 PORCENTAJE "Misceláneo Erosionado" VB #</Process><Process ToolSource="c:\arcgis\desktop10.3\ArcToolbox\Toolboxes\Data Management Tools.tbx\CalculateField" Date="20170608" Time="154946">CalculateField CUNDINAMARCA_FINAL_2001 PAISAJE "Pantanos" VB #</Process><Process ToolSource="c:\arcgis\desktop10.3\ArcToolbox\Toolboxes\Data Management Tools.tbx\CalculateField" Date="20170608" Time="154951">CalculateField CUNDINAMARCA_FINAL_2001 CLIMA "Pantanos" VB #</Process><Process ToolSource="c:\arcgis\desktop10.3\ArcToolbox\Toolboxes\Data Management Tools.tbx\CalculateField" Date="20170608" Time="154955">CalculateField CUNDINAMARCA_FINAL_2001 TIPO_RELIEVE "Pantanos" VB #</Process><Process ToolSource="c:\arcgis\desktop10.3\ArcToolbox\Toolboxes\Data Management Tools.tbx\CalculateField" Date="20170608" Time="154959">CalculateField CUNDINAMARCA_FINAL_2001 LITOLOGÍA_SEDIMENTOS "Pantanos" VB #</Process><Process ToolSource="c:\arcgis\desktop10.3\ArcToolbox\Toolboxes\Data Management Tools.tbx\CalculateField" Date="20170608" Time="155003">CalculateField CUNDINAMARCA_FINAL_2001 CARACTERÍSTICAS_RELIEVE "Pantanos" VB #</Process><Process ToolSource="c:\arcgis\desktop10.3\ArcToolbox\Toolboxes\Data Management Tools.tbx\CalculateField" Date="20170608" Time="155010">CalculateField CUNDINAMARCA_FINAL_2001 CARACTERÍSTICAS_SUELOS "Pantanos" VB #</Process><Process ToolSource="c:\arcgis\desktop10.3\ArcToolbox\Toolboxes\Data Management Tools.tbx\CalculateField" Date="20170608" Time="155044">CalculateField CUNDINAMARCA_FINAL_2001 PERFIL "Pantanos" VB #</Process><Process ToolSource="c:\arcgis\desktop10.3\ArcToolbox\Toolboxes\Data Management Tools.tbx\CalculateField" Date="20170608" Time="155048">CalculateField CUNDINAMARCA_FINAL_2001 PORCENTAJE "Pantanos" VB #</Process><Process ToolSource="c:\program files\arcgis\pro\Resources\ArcToolbox\toolboxes\Data Management Tools.tbx\CopyFeatures" Date="20171221" Time="144031">CopyFeatures D:\juan.mendez\geodata\agrologia\SUELOS_100K\GEODATABASE\SUELOS_100K.gdb/SUELOS/CUNDINAMARCA_SUELOS_VF D:\juan.mendez\geodata\agrologia\SUELOS_100K\GEODATABASE\shps\CUNDINAMARCA_SUELOS_VF\CUNDINAMARCA_SUELOS_VF.shp # # # #</Process></lineage><itemProps><itemLocation><linkage Sync="TRUE">file://\\SNC01\D$\juan.mendez\geodata\agrologia\SUELOS_100K\GEODATABASE\shps\CUNDINAMARCA_SUELOS_VF\CUNDINAMARCA_SUELOS_VF.shp</linkage><protocol Sync="TRUE">Local Area Network</protocol></itemLocation><itemName Sync="TRUE">CUNDINAMARCA_SUELOS_VF</itemName><imsContentType Sync="TRUE">002</imsContentType><itemSize Sync="TRUE">0.000</itemSize></itemProps><coordRef><type Sync="TRUE">Projected</type><geogcsn Sync="TRUE">GCS_MAGNA</geogcsn><csUnits Sync="TRUE">Linear Unit: Meter (1.000000)</csUnits><projcsn Sync="TRUE">MAGNA_Colombia_Bogota</projcsn><peXml Sync="TRUE">&lt;ProjectedCoordinateSystem xsi:type='typens:ProjectedCoordinateSystem' xmlns:xsi='http://www.w3.org/2001/XMLSchema-instance' xmlns:xs='http://www.w3.org/2001/XMLSchema' xmlns:typens='http://www.esri.com/schemas/ArcGIS/2.0.0'&gt;&lt;WKT&gt;PROJCS[&amp;quot;MAGNA_Colombia_Bogota&amp;quot;,GEOGCS[&amp;quot;GCS_MAGNA&amp;quot;,DATUM[&amp;quot;D_MAGNA&amp;quot;,SPHEROID[&amp;quot;GRS_1980&amp;quot;,6378137.0,298.257222101]],PRIMEM[&amp;quot;Greenwich&amp;quot;,0.0],UNIT[&amp;quot;Degree&amp;quot;,0.0174532925199433]],PROJECTION[&amp;quot;Transverse_Mercator&amp;quot;],PARAMETER[&amp;quot;False_Easting&amp;quot;,1000000.0],PARAMETER[&amp;quot;False_Northing&amp;quot;,1000000.0],PARAMETER[&amp;quot;Central_Meridian&amp;quot;,-74.07750791666666],PARAMETER[&amp;quot;Scale_Factor&amp;quot;,1.0],PARAMETER[&amp;quot;Latitude_Of_Origin&amp;quot;,4.596200416666666],UNIT[&amp;quot;Meter&amp;quot;,1.0],AUTHORITY[&amp;quot;EPSG&amp;quot;,3116]]&lt;/WKT&gt;&lt;XOrigin&gt;-4623200&lt;/XOrigin&gt;&lt;YOrigin&gt;-9510300&lt;/YOrigin&gt;&lt;XYScale&gt;450265407.00157917&lt;/XYScale&gt;&lt;ZOrigin&gt;-100000&lt;/ZOrigin&gt;&lt;ZScale&gt;10000&lt;/ZScale&gt;&lt;MOrigin&gt;-100000&lt;/MOrigin&gt;&lt;MScale&gt;10000&lt;/MScale&gt;&lt;XYTolerance&gt;0.001&lt;/XYTolerance&gt;&lt;ZTolerance&gt;0.001&lt;/ZTolerance&gt;&lt;MTolerance&gt;0.001&lt;/MTolerance&gt;&lt;HighPrecision&gt;true&lt;/HighPrecision&gt;&lt;WKID&gt;3116&lt;/WKID&gt;&lt;LatestWKID&gt;3116&lt;/LatestWKID&gt;&lt;/ProjectedCoordinateSystem&gt;</peXml></coordRef></DataProperties><SyncDate>20171221</SyncDate><SyncTime>14403000</SyncTime><ModDate>20171221</ModDate><ModTime>14403000</ModTime></Esri><dataIdInfo><envirDesc Sync="TRUE">Microsoft Windows 8.1 Version 6.3 (Build 9600) ; Esri ArcGIS 12.0.1.8933</envirDesc><dataLang><languageCode value="spa" Sync="TRUE"></languageCode><countryCode value="COL" Sync="TRUE"></countryCode></dataLang><idCitation><resTitle Sync="TRUE">CUNDINAMARCA_SUELOS_VF</resTitle><presForm><PresFormCd value="005" Sync="TRUE"></PresFormCd></presForm></idCitation><spatRpType><SpatRepTypCd value="001" Sync="TRUE"></SpatRepTypCd></spatRpType></dataIdInfo><mdLang><languageCode value="spa" Sync="TRUE"></languageCode><countryCode value="COL" Sync="TRUE"></countryCode></mdLang><distInfo><distFormat><formatName Sync="TRUE">Shapefile</formatName></distFormat><distTranOps><transSize Sync="TRUE">0.000</transSize></distTranOps></distInfo><mdHrLv><ScopeCd value="005" Sync="TRUE"></ScopeCd></mdHrLv><mdHrLvName Sync="TRUE">dataset</mdHrLvName><refSysInfo><RefSystem><refSysID><identCode code="3116" Sync="TRUE"></identCode><idCodeSpace Sync="TRUE">EPSG</idCodeSpace><idVersion Sync="TRUE">8.6(9.2.0)</idVersion></refSysID></RefSystem></refSysInfo><spatRepInfo><VectSpatRep><geometObjs Name="CUNDINAMARCA_SUELOS_VF"><geoObjTyp><GeoObjTypCd value="002" Sync="TRUE"></GeoObjTypCd></geoObjTyp><geoObjCnt Sync="TRUE">0</geoObjCnt></geometObjs><topLvl><TopoLevCd value="001" Sync="TRUE"></TopoLevCd></topLvl></VectSpatRep></spatRepInfo><spdoinfo><ptvctinf><esriterm Name="CUNDINAMARCA_SUELOS_VF"><efeatyp Sync="TRUE">Simple</efeatyp><efeageom code="4" Sync="TRUE"></efeageom><esritopo Sync="TRUE">FALSE</esritopo><efeacnt Sync="TRUE">0</efeacnt><spindex Sync="TRUE">FALSE</spindex><linrefer Sync="TRUE">FALSE</linrefer></esriterm></ptvctinf></spdoinfo><eainfo><detailed Name="CUNDINAMARCA_SUELOS_VF"><enttyp><enttypl Sync="TRUE">CUNDINAMARCA_SUELOS_VF</enttypl><enttypt Sync="TRUE">Feature Class</enttypt><enttypc Sync="TRUE">0</enttypc></enttyp><attr><attrlabl Sync="TRUE">FID</attrlabl><attalias Sync="TRUE">FID</attalias><attrtype Sync="TRUE">OID</attrtype><attwidth Sync="TRUE">4</attwidth><atprecis Sync="TRUE">0</atprecis><attscale Sync="TRUE">0</attscale><attrdef Sync="TRUE">Internal feature number.</attrdef><attrdefs Sync="TRUE">Esri</attrdefs><attrdomv><udom Sync="TRUE">Sequential unique whole numbers that are automatically generated.</udom></attrdomv></attr><attr><attrlabl Sync="TRUE">Shape</attrlabl><attalias Sync="TRUE">Shape</attalias><attrtype Sync="TRUE">Geometry</attrtype><attwidth Sync="TRUE">0</attwidth><atprecis Sync="TRUE">0</atprecis><attscale Sync="TRUE">0</attscale><attrdef Sync="TRUE">Feature geometry.</attrdef><attrdefs Sync="TRUE">Esri</attrdefs><attrdomv><udom Sync="TRUE">Coordinates defining the features.</udom></attrdomv></attr><attr><attrlabl Sync="TRUE">UCS</attrlabl><attalias Sync="TRUE">UCS</attalias><attrtype Sync="TRUE">String</attrtype><attwidth Sync="TRUE">254</attwidth><atprecis Sync="TRUE">0</atprecis><attscale Sync="TRUE">0</attscale></attr><attr><attrlabl Sync="TRUE">UCS_F</attrlabl><attalias Sync="TRUE">UCS_F</attalias><attrtype Sync="TRUE">String</attrtype><attwidth Sync="TRUE">254</attwidth><atprecis Sync="TRUE">0</atprecis><attscale Sync="TRUE">0</attscale></attr><attr><attrlabl Sync="TRUE">PAISAJE</attrlabl><attalias Sync="TRUE">PAISAJE</attalias><attrtype Sync="TRUE">String</attrtype><attwidth Sync="TRUE">254</attwidth><atprecis Sync="TRUE">0</atprecis><attscale Sync="TRUE">0</attscale></attr><attr><attrlabl Sync="TRUE">CLIMA</attrlabl><attalias Sync="TRUE">CLIMA</attalias><attrtype Sync="TRUE">String</attrtype><attwidth Sync="TRUE">254</attwidth><atprecis Sync="TRUE">0</atprecis><attscale Sync="TRUE">0</attscale></attr><attr><attrlabl Sync="TRUE">TIPO_RELIE</attrlabl><attalias Sync="TRUE">TIPO_RELIE</attalias><attrtype Sync="TRUE">String</attrtype><attwidth Sync="TRUE">254</attwidth><atprecis Sync="TRUE">0</atprecis><attscale Sync="TRUE">0</attscale></attr><attr><attrlabl Sync="TRUE">LITOLOGÍA</attrlabl><attalias Sync="TRUE">LITOLOGÍA</attalias><attrtype Sync="TRUE">String</attrtype><attwidth Sync="TRUE">254</attwidth><atprecis Sync="TRUE">0</atprecis><attscale Sync="TRUE">0</attscale></attr><attr><attrlabl Sync="TRUE">CARACTERÍ</attrlabl><attalias Sync="TRUE">CARACTERÍ</attalias><attrtype Sync="TRUE">String</attrtype><attwidth Sync="TRUE">254</attwidth><atprecis Sync="TRUE">0</atprecis><attscale Sync="TRUE">0</attscale></attr><attr><attrlabl Sync="TRUE">CARACTER_1</attrlabl><attalias Sync="TRUE">CARACTER_1</attalias><attrtype Sync="TRUE">String</attrtype><attwidth Sync="TRUE">254</attwidth><atprecis Sync="TRUE">0</atprecis><attscale Sync="TRUE">0</attscale></attr><attr><attrlabl Sync="TRUE">COMPONENTE</attrlabl><attalias Sync="TRUE">COMPONENTE</attalias><attrtype Sync="TRUE">String</attrtype><attwidth Sync="TRUE">254</attwidth><atprecis Sync="TRUE">0</atprecis><attscale Sync="TRUE">0</attscale></attr><attr><attrlabl Sync="TRUE">PERFIL</attrlabl><attalias Sync="TRUE">PERFIL</attalias><attrtype Sync="TRUE">String</attrtype><attwidth Sync="TRUE">254</attwidth><atprecis Sync="TRUE">0</atprecis><attscale Sync="TRUE">0</attscale></attr><attr><attrlabl Sync="TRUE">PORCENTAJE</attrlabl><attalias Sync="TRUE">PORCENTAJE</attalias><attrtype Sync="TRUE">String</attrtype><attwidth Sync="TRUE">254</attwidth><atprecis Sync="TRUE">0</atprecis><attscale Sync="TRUE">0</attscale></attr><attr><attrlabl Sync="TRUE">AREA</attrlabl><attalias Sync="TRUE">AREA</attalias><attrtype Sync="TRUE">Double</attrtype><attwidth Sync="TRUE">19</attwidth><atprecis Sync="TRUE">0</atprecis><attscale Sync="TRUE">0</attscale></attr><attr><attrlabl Sync="TRUE">SHAPE_Leng</attrlabl><attalias Sync="TRUE">SHAPE_Leng</attalias><attrtype Sync="TRUE">Double</attrtype><attwidth Sync="TRUE">19</attwidth><atprecis Sync="TRUE">0</atprecis><attscale Sync="TRUE">0</attscale></attr><attr><attrlabl Sync="TRUE">SHAPE_Area</attrlabl><attalias Sync="TRUE">SHAPE_Area</attalias><attrtype Sync="TRUE">Double</attrtype><attwidth Sync="TRUE">19</attwidth><atprecis Sync="TRUE">0</atprecis><attscale Sync="TRUE">0</attscale><attrdef Sync="TRUE">Area of feature in internal units squared.</attrdef><attrdefs Sync="TRUE">Esri</attrdefs><attrdomv><udom Sync="TRUE">Positive real numbers that are automatically generated.</udom></attrdomv></attr></detailed></eainfo><mdDateSt Sync="TRUE">20171221</mdDateSt></metadata>
